{
  "scenario": "multi-basic",
  "topology": "full",
  "assets": [
    "SKUG",
    "WEB4"
  ],
  "steps": 100000,
  "alpha": 0.2,
  "spread": 0.01,
  "seed": 1,
  "enable_substitution": true,
  "utility_mode": "random",
  "price_model": "pipeline",
  "summary": {
    "final_asset_means": {
      "SKUG": 0.7571433894856794,
      "WEB4": 0.6823516187559826
    },
    "final_asset_spreads": {
      "SKUG": 0.5039422774760449,
      "WEB4": 0.43661859260134334
    },
    "final_asset_shares": {
      "SKUG": 0.5006948933492622,
      "WEB4": 0.49930510665073774
    },
    "dominant_asset": "SKUG",
    "dominant_asset_by_holdings": "SKUG",
    "dominant_asset_by_flow": "SKUG",
    "flow_concentration": 0.5436499005027567,
    "flow_shares": {
      "SKUG": 0.5436499005027567,
      "WEB4": 0.45635009949724326
    },
    "trade_flow": {
      "SKUG": 22002.969169040574,
      "WEB4": 18469.71214423229
    },
    "payment_flow": {
      "SKUG": 2132.927796411846,
      "WEB4": 13174.900150370791
    },
    "consumption_flow": {
      "SKUG": 11977.647247711277,
      "WEB4": 11999.940000018914
    },
    "demand_fulfilled": {
      "SKUG": 8128.041372625022,
      "WEB4": 3079.8119938570376
    },
    "total_trade_flow": 40472.681313272864,
    "total_payment_flow": 15307.827946782638,
    "total_consumption_flow": 23977.58724773019,
    "total_demand_fulfilled": 11207.853366482059,
    "total_trades": 275892,
    "total_cross_asset_trades": 13957,
    "total_switch_count": 13957,
    "total_volume": 25164.853366484447,
    "example_exchange_rate": 1.0964299794350028
  }
}
