{
  "scenario": "multi-fragmented",
  "topology": "clustered",
  "assets": [
    "SKUG",
    "WEB4"
  ],
  "steps": 100000,
  "alpha": 0.2,
  "spread": 0.01,
  "seed": 1,
  "enable_substitution": true,
  "utility_mode": "clustered",
  "price_model": "pipeline",
  "summary": {
    "final_asset_means": {
      "SKUG": 0.23674252972552554,
      "WEB4": 0.2238643652566334
    },
    "final_asset_spreads": {
      "SKUG": 0.19172481363604996,
      "WEB4": 0.18470429906180275
    },
    "final_asset_shares": {
      "SKUG": 0.5000071398969104,
      "WEB4": 0.49999286010308974
    },
    "dominant_asset": "SKUG",
    "dominant_asset_by_holdings": "SKUG",
    "dominant_asset_by_flow": "WEB4",
    "flow_concentration": 0.5000066960712389,
    "flow_shares": {
      "SKUG": 0.499993303928761,
      "WEB4": 0.5000066960712389
    },
    "trade_flow": {
      "SKUG": 2001.7839310079185,
      "WEB4": 2001.837548077194
    },
    "payment_flow": {
      "SKUG": 0,
      "WEB4": 1.097040926863146
    },
    "consumption_flow": {
      "SKUG": 4001.198420480726,
      "WEB4": 4001.7074148514434
    },
    "demand_fulfilled": {
      "SKUG": 2000.7839310079194,
      "WEB4": 2000.7405071503317
    },
    "total_trade_flow": 4003.6214790851127,
    "total_payment_flow": 1.097040926863146,
    "total_consumption_flow": 8002.905835332169,
    "total_demand_fulfilled": 4001.524438158251,
    "total_trades": 199981,
    "total_cross_asset_trades": 1,
    "total_switch_count": 1,
    "total_volume": 4002.52443815825,
    "example_exchange_rate": 1.191767141451313
  }
}
