{
  "scenario": "multi-coexist",
  "topology": "clustered",
  "assets": [
    "SKUG",
    "WEB4"
  ],
  "steps": 100000,
  "alpha": 0.2,
  "spread": 0.01,
  "seed": 1,
  "enable_substitution": true,
  "utility_mode": "clustered",
  "summary": {
    "FinalAssetMeans": {
      "SKUG": 0.013634832361376813,
      "WEB4": 0.30633869791912816
    },
    "FinalAssetSpreads": {
      "SKUG": 0.0037187034968273625,
      "WEB4": 0.056799528669637556
    },
    "FinalAssetShares": {
      "SKUG": 0.49999305706574526,
      "WEB4": 0.5000069429342547
    },
    "DominantAsset": "WEB4",
    "TotalTrades": 588330,
    "TotalCrossAssetTrades": 15005,
    "TotalSwitchCount": 15005,
    "TotalVolume": 43000.965191486044,
    "ExampleExchangeRate": 0.044993521081282926
  }
}
