{
  "scenario": "multi-basic",
  "topology": "full",
  "assets": [
    "SKUG",
    "WEB4"
  ],
  "steps": 100000,
  "alpha": 0.2,
  "spread": 0.01,
  "seed": 1,
  "enable_substitution": true,
  "utility_mode": "fixed",
  "price_model": "pipeline",
  "summary": {
    "final_asset_means": {
      "SKUG": 0.7974351213925696,
      "WEB4": 0.39745864229950056
    },
    "final_asset_spreads": {
      "SKUG": 0.4553519238485958,
      "WEB4": 0.22695709291149804
    },
    "final_asset_shares": {
      "SKUG": 0.5000009364377441,
      "WEB4": 0.4999990635622559
    },
    "dominant_asset": "SKUG",
    "dominant_asset_by_holdings": "SKUG",
    "dominant_asset_by_flow": "WEB4",
    "flow_concentration": 0.5497666200151525,
    "flow_shares": {
      "SKUG": 0.4502333799848476,
      "WEB4": 0.5497666200151525
    },
    "trade_flow": {
      "SKUG": 9114.20000000921,
      "WEB4": 11129.079164045543
    },
    "payment_flow": {
      "SKUG": 16.000447668521694,
      "WEB4": 2003.2100889670357
    },
    "consumption_flow": {
      "SKUG": 11999.910000018914,
      "WEB4": 11999.940000018914
    },
    "demand_fulfilled": {
      "SKUG": 8015.1995523393125,
      "WEB4": 9103.869075078386
    },
    "total_trade_flow": 20243.27916405475,
    "total_payment_flow": 2019.2105366355574,
    "total_consumption_flow": 23999.850000037826,
    "total_demand_fulfilled": 17119.0686274177,
    "total_trades": 550403,
    "total_cross_asset_trades": 1105,
    "total_switch_count": 1105,
    "total_volume": 18224.068627419503,
    "example_exchange_rate": 2.256657089865949
  }
}
