{
  "scenario": "multi-basic",
  "topology": "full",
  "assets": [
    "SKUG",
    "WEB4"
  ],
  "steps": 100000,
  "alpha": 0.2,
  "spread": 0.01,
  "seed": 1,
  "enable_substitution": true,
  "utility_mode": "fixed",
  "summary": {
    "FinalAssetMeans": {
      "SKUG": 0.31045178751678026,
      "WEB4": 0.01821206993862108
    },
    "FinalAssetSpreads": {
      "SKUG": 0.05824079917347863,
      "WEB4": 0.005556767935765717
    },
    "FinalAssetShares": {
      "SKUG": 0.5000014130278824,
      "WEB4": 0.49999858697211774
    },
    "DominantAsset": "SKUG",
    "TotalTrades": 599985,
    "TotalCrossAssetTrades": 9,
    "TotalSwitchCount": 9,
    "TotalVolume": 18019.362659319915,
    "ExampleExchangeRate": 17.35728656805481
  }
}
