{
  "scenario": "multi-basic",
  "topology": "full",
  "assets": [
    "SKUG",
    "WEB4"
  ],
  "steps": 100000,
  "alpha": 0.2,
  "spread": 0.01,
  "seed": 1,
  "enable_substitution": true,
  "utility_mode": "random",
  "summary": {
    "FinalAssetMeans": {
      "SKUG": 0.3104517873047798,
      "WEB4": 0.01821206993862108
    },
    "FinalAssetSpreads": {
      "SKUG": 0.058240799191368986,
      "WEB4": 0.005556767935765717
    },
    "FinalAssetShares": {
      "SKUG": 0.5000018728719492,
      "WEB4": 0.49999812712805075
    },
    "DominantAsset": "SKUG",
    "TotalTrades": 599990,
    "TotalCrossAssetTrades": 11,
    "TotalSwitchCount": 11,
    "TotalVolume": 18025.75607593075,
    "ExampleExchangeRate": 17.35728655624588
  }
}
